DATASET_DIM, BASE_HASHES, BASE_TIME(s), LOOP_OPT_TIME(s),TASK_OPT_TIME(s),PARALLEL_OPT_TIME(s)
MINI,962.000005,0.000072,0.000092(0.78),0.000066(1.09),0.000268(0.27)
SMALL,249002.014697,0.543086,0.142512(3.85),0.051703(10.8),0.017396(31.7)
STANDARD,998001.983040,4.947499,1.411488(3.53),0.464806(10.7),0.135351(36.6)
LARGE,3996002.722686,42.881865,9.417370(4.55),3.293214(13.0),1.151873(37.3)
EXTRALARGE,15991995.607608,456.877134,72.180491(6.33),26.792492(17.1),11.367700(40.1)
