DATASET_DIM, BASE_HASHES, BASE_TIME(s), LOOP_OPT_TIME(s),TASK_OPT_TIME(s),PARALLEL_OPT_TIME(s)
MINI,962.000005,0.000072,0.000092,0.000066,0.000268
SMALL,249002.014697,0.543086,0.142512,0.051703,0.017396
STANDARD,998001.983040,4.947499,1.411488,0.464806,0.135351
LARGE,3996002.722686,42.881865,9.417370,3.293214,1.151873
EXTRALARGE,15991995.607608,456.877134,72.180491,26.792492,11.367700
