DATASET_DIM, BASE_HASHES, BASE_TIME(s), PARALLEL_OPT_TIME(s), CUDA_OPT_TIME(s)
MINI,961.999976,0.000057,0.00924141(0.006),0.0836763(0.0006)
SMALL,249002.003866,0.562221,0.0214025(26.3),0.10178(5.52)
STANDARD,998001.941886,4.96188,0.172975(28.7),0.183133(27.1)
LARGE,3996002.580740,43.6303,1.28537(33.9),0.695554(62.7)
EXTRALARGE,15991995.137711,455.688,11.7039(38.9),4.32089(105.5)
